source_url,canonical_url,title,meta_description,extracted_text,text_snippet
https://www.shl.com/solutions/products/product-catalog/view/automata-fix-new/,https://www.shl.com/solutions/products/product-catalog/view/automata-fix-new/,ERROR: The request could not be satisfied,,"ERROR: The request could not be satisfied

The request could not be satisfied.","ERROR: The request could not be satisfied

The request could not be satisfied."
https://www.shl.com/solutions/products/product-catalog/view/core-java-entry-level-new/,https://www.shl.com/solutions/products/product-catalog/view/core-java-entry-level-new/,ERROR: The request could not be satisfied,,"ERROR: The request could not be satisfied

The request could not be satisfied.","ERROR: The request could not be satisfied

The request could not be satisfied."
https://www.shl.com/solutions/products/product-catalog/view/java-8-new/,https://www.shl.com/solutions/products/product-catalog/view/java-8-new/,ERROR: The request could not be satisfied,,"ERROR: The request could not be satisfied

The request could not be satisfied.","ERROR: The request could not be satisfied

The request could not be satisfied."
https://www.shl.com/solutions/products/product-catalog/view/core-java-advanced-level-new/,https://www.shl.com/solutions/products/product-catalog/view/core-java-advanced-level-new/,ERROR: The request could not be satisfied,,"ERROR: The request could not be satisfied

The request could not be satisfied.","ERROR: The request could not be satisfied

The request could not be satisfied."
https://www.shl.com/products/product-catalog/view/interpersonal-communications/,https://www.shl.com/products/product-catalog/view/interpersonal-communications/,ERROR: The request could not be satisfied,,"ERROR: The request could not be satisfied

The request could not be satisfied.","ERROR: The request could not be satisfied

The request could not be satisfied."
https://www.shl.com/solutions/products/product-catalog/view/entry-level-sales-7-1/,https://www.shl.com/solutions/products/product-catalog/view/entry-level-sales-7-1/,ERROR: The request could not be satisfied,,"ERROR: The request could not be satisfied

The request could not be satisfied.","ERROR: The request could not be satisfied

The request could not be satisfied."
https://www.shl.com/solutions/products/product-catalog/view/entry-level-sales-sift-out-7-1/,https://www.shl.com/solutions/products/product-catalog/view/entry-level-sales-sift-out-7-1/,ERROR: The request could not be satisfied,,"ERROR: The request could not be satisfied

The request could not be satisfied.","ERROR: The request could not be satisfied

The request could not be satisfied."
https://www.shl.com/solutions/products/product-catalog/view/entry-level-sales-solution/,https://www.shl.com/solutions/products/product-catalog/view/entry-level-sales-solution/,ERROR: The request could not be satisfied,,"ERROR: The request could not be satisfied

The request could not be satisfied.","ERROR: The request could not be satisfied

The request could not be satisfied."
https://www.shl.com/solutions/products/product-catalog/view/sales-representative-solution/,https://www.shl.com/solutions/products/product-catalog/view/sales-representative-solution/,ERROR: The request could not be satisfied,,"ERROR: The request could not be satisfied

The request could not be satisfied.","ERROR: The request could not be satisfied

The request could not be satisfied."
https://www.shl.com/products/product-catalog/view/business-communication-adaptive/,https://www.shl.com/products/product-catalog/view/business-communication-adaptive/,ERROR: The request could not be satisfied,,"ERROR: The request could not be satisfied

The request could not be satisfied.","ERROR: The request could not be satisfied

The request could not be satisfied."
https://www.shl.com/solutions/products/product-catalog/view/technical-sales-associate-solution/,https://www.shl.com/solutions/products/product-catalog/view/technical-sales-associate-solution/,ERROR: The request could not be satisfied,,"ERROR: The request could not be satisfied

The request could not be satisfied.","ERROR: The request could not be satisfied

The request could not be satisfied."
https://www.shl.com/solutions/products/product-catalog/view/svar-spoken-english-indian-accent-new/,https://www.shl.com/solutions/products/product-catalog/view/svar-spoken-english-indian-accent-new/,ERROR: The request could not be satisfied,,"ERROR: The request could not be satisfied

The request could not be satisfied.","ERROR: The request could not be satisfied

The request could not be satisfied."
https://www.shl.com/solutions/products/product-catalog/view/english-comprehension-new/,https://www.shl.com/solutions/products/product-catalog/view/english-comprehension-new/,ERROR: The request could not be satisfied,,"ERROR: The request could not be satisfied

The request could not be satisfied.","ERROR: The request could not be satisfied

The request could not be satisfied."
https://www.shl.com/products/product-catalog/view/enterprise-leadership-report/,https://www.shl.com/products/product-catalog/view/enterprise-leadership-report/,ERROR: The request could not be satisfied,,"ERROR: The request could not be satisfied

The request could not be satisfied.","ERROR: The request could not be satisfied

The request could not be satisfied."
https://www.shl.com/products/product-catalog/view/occupational-personality-questionnaire-opq32r/,https://www.shl.com/products/product-catalog/view/occupational-personality-questionnaire-opq32r/,ERROR: The request could not be satisfied,,"ERROR: The request could not be satisfied

The request could not be satisfied.","ERROR: The request could not be satisfied

The request could not be satisfied."
https://www.shl.com/solutions/products/product-catalog/view/opq-leadership-report/,https://www.shl.com/solutions/products/product-catalog/view/opq-leadership-report/,ERROR: The request could not be satisfied,,"ERROR: The request could not be satisfied

The request could not be satisfied.","ERROR: The request could not be satisfied

The request could not be satisfied."
https://www.shl.com/solutions/products/product-catalog/view/opq-team-types-and-leadership-styles-report,https://www.shl.com/solutions/products/product-catalog/view/opq-team-types-and-leadership-styles-report,ERROR: The request could not be satisfied,,"ERROR: The request could not be satisfied

The request could not be satisfied.","ERROR: The request could not be satisfied

The request could not be satisfied."
https://www.shl.com/products/product-catalog/view/enterprise-leadership-report-2-0/,https://www.shl.com/products/product-catalog/view/enterprise-leadership-report-2-0/,ERROR: The request could not be satisfied,,"ERROR: The request could not be satisfied

The request could not be satisfied.","ERROR: The request could not be satisfied

The request could not be satisfied."
https://www.shl.com/solutions/products/product-catalog/view/global-skills-assessment/,https://www.shl.com/solutions/products/product-catalog/view/global-skills-assessment/,ERROR: The request could not be satisfied,,"ERROR: The request could not be satisfied

The request could not be satisfied.","ERROR: The request could not be satisfied

The request could not be satisfied."
https://www.shl.com/solutions/products/product-catalog/view/verify-verbal-ability-next-generation/,https://www.shl.com/solutions/products/product-catalog/view/verify-verbal-ability-next-generation/,ERROR: The request could not be satisfied,,"ERROR: The request could not be satisfied

The request could not be satisfied.","ERROR: The request could not be satisfied

The request could not be satisfied."
https://www.shl.com/solutions/products/product-catalog/view/shl-verify-interactive-inductive-reasoning/,https://www.shl.com/solutions/products/product-catalog/view/shl-verify-interactive-inductive-reasoning/,ERROR: The request could not be satisfied,,"ERROR: The request could not be satisfied

The request could not be satisfied.","ERROR: The request could not be satisfied

The request could not be satisfied."
https://www.shl.com/solutions/products/product-catalog/view/marketing-new/,https://www.shl.com/solutions/products/product-catalog/view/marketing-new/,ERROR: The request could not be satisfied,,"ERROR: The request could not be satisfied

The request could not be satisfied.","ERROR: The request could not be satisfied

The request could not be satisfied."
https://www.shl.com/products/product-catalog/view/english-comprehension-new/,https://www.shl.com/products/product-catalog/view/english-comprehension-new/,ERROR: The request could not be satisfied,,"ERROR: The request could not be satisfied

The request could not be satisfied.","ERROR: The request could not be satisfied

The request could not be satisfied."
https://www.shl.com/solutions/products/product-catalog/view/drupal-new/,https://www.shl.com/solutions/products/product-catalog/view/drupal-new/,ERROR: The request could not be satisfied,,"ERROR: The request could not be satisfied

The request could not be satisfied.","ERROR: The request could not be satisfied

The request could not be satisfied."
https://www.shl.com/solutions/products/product-catalog/view/written-english-v1/,https://www.shl.com/solutions/products/product-catalog/view/written-english-v1/,ERROR: The request could not be satisfied,,"ERROR: The request could not be satisfied

The request could not be satisfied.","ERROR: The request could not be satisfied

The request could not be satisfied."
https://www.shl.com/solutions/products/product-catalog/view/occupational-personality-questionnaire-opq32r/,https://www.shl.com/solutions/products/product-catalog/view/occupational-personality-questionnaire-opq32r/,ERROR: The request could not be satisfied,,"ERROR: The request could not be satisfied

The request could not be satisfied.","ERROR: The request could not be satisfied

The request could not be satisfied."
https://www.shl.com/solutions/products/product-catalog/view/search-engine-optimization-new/,https://www.shl.com/solutions/products/product-catalog/view/search-engine-optimization-new/,ERROR: The request could not be satisfied,,"ERROR: The request could not be satisfied

The request could not be satisfied.","ERROR: The request could not be satisfied

The request could not be satisfied."
https://www.shl.com/solutions/products/product-catalog/view/automata-selenium/,https://www.shl.com/solutions/products/product-catalog/view/automata-selenium/,ERROR: The request could not be satisfied,,"ERROR: The request could not be satisfied

The request could not be satisfied.","ERROR: The request could not be satisfied

The request could not be satisfied."
https://www.shl.com/products/product-catalog/view/professional-7-1-solution/,https://www.shl.com/products/product-catalog/view/professional-7-1-solution/,ERROR: The request could not be satisfied,,"ERROR: The request could not be satisfied

The request could not be satisfied.","ERROR: The request could not be satisfied

The request could not be satisfied."
https://www.shl.com/solutions/products/product-catalog/view/javascript-new/,https://www.shl.com/solutions/products/product-catalog/view/javascript-new/,ERROR: The request could not be satisfied,,"ERROR: The request could not be satisfied

The request could not be satisfied.","ERROR: The request could not be satisfied

The request could not be satisfied."
https://www.shl.com/solutions/products/product-catalog/view/htmlcss-new/,https://www.shl.com/solutions/products/product-catalog/view/htmlcss-new/,ERROR: The request could not be satisfied,,"ERROR: The request could not be satisfied

The request could not be satisfied.","ERROR: The request could not be satisfied

The request could not be satisfied."
https://www.shl.com/solutions/products/product-catalog/view/css3-new/,https://www.shl.com/solutions/products/product-catalog/view/css3-new/,ERROR: The request could not be satisfied,,"ERROR: The request could not be satisfied

The request could not be satisfied.","ERROR: The request could not be satisfied

The request could not be satisfied."
https://www.shl.com/solutions/products/product-catalog/view/selenium-new/,https://www.shl.com/solutions/products/product-catalog/view/selenium-new/,ERROR: The request could not be satisfied,,"ERROR: The request could not be satisfied

The request could not be satisfied.","ERROR: The request could not be satisfied

The request could not be satisfied."
https://www.shl.com/solutions/products/product-catalog/view/sql-server-new/,https://www.shl.com/solutions/products/product-catalog/view/sql-server-new/,ERROR: The request could not be satisfied,,"ERROR: The request could not be satisfied

The request could not be satisfied.","ERROR: The request could not be satisfied

The request could not be satisfied."
https://www.shl.com/solutions/products/product-catalog/view/automata-sql-new/,https://www.shl.com/solutions/products/product-catalog/view/automata-sql-new/,ERROR: The request could not be satisfied,,"ERROR: The request could not be satisfied

The request could not be satisfied.","ERROR: The request could not be satisfied

The request could not be satisfied."
https://www.shl.com/solutions/products/product-catalog/view/manual-testing-new/,https://www.shl.com/solutions/products/product-catalog/view/manual-testing-new/,ERROR: The request could not be satisfied,,"ERROR: The request could not be satisfied

The request could not be satisfied.","ERROR: The request could not be satisfied

The request could not be satisfied."
https://www.shl.com/solutions/products/product-catalog/view/administrative-professional-short-form/,https://www.shl.com/solutions/products/product-catalog/view/administrative-professional-short-form/,ERROR: The request could not be satisfied,,"ERROR: The request could not be satisfied

The request could not be satisfied.","ERROR: The request could not be satisfied

The request could not be satisfied."
https://www.shl.com/solutions/products/product-catalog/view/verify-numerical-ability/,https://www.shl.com/solutions/products/product-catalog/view/verify-numerical-ability/,ERROR: The request could not be satisfied,,"ERROR: The request could not be satisfied

The request could not be satisfied.","ERROR: The request could not be satisfied

The request could not be satisfied."
https://www.shl.com/solutions/products/product-catalog/view/financial-professional-short-form/,https://www.shl.com/solutions/products/product-catalog/view/financial-professional-short-form/,ERROR: The request could not be satisfied,,"ERROR: The request could not be satisfied

The request could not be satisfied.","ERROR: The request could not be satisfied

The request could not be satisfied."
https://www.shl.com/solutions/products/product-catalog/view/bank-administrative-assistant-short-form/,https://www.shl.com/solutions/products/product-catalog/view/bank-administrative-assistant-short-form/,ERROR: The request could not be satisfied,,"ERROR: The request could not be satisfied

The request could not be satisfied.","ERROR: The request could not be satisfied

The request could not be satisfied."
https://www.shl.com/solutions/products/product-catalog/view/general-entry-level-data-entry-7-0-solution/,https://www.shl.com/solutions/products/product-catalog/view/general-entry-level-data-entry-7-0-solution/,ERROR: The request could not be satisfied,,"ERROR: The request could not be satisfied

The request could not be satisfied.","ERROR: The request could not be satisfied

The request could not be satisfied."
https://www.shl.com/solutions/products/product-catalog/view/basic-computer-literacy-windows-10-new/,https://www.shl.com/solutions/products/product-catalog/view/basic-computer-literacy-windows-10-new/,ERROR: The request could not be satisfied,,"ERROR: The request could not be satisfied

The request could not be satisfied.","ERROR: The request could not be satisfied

The request could not be satisfied."
https://www.shl.com/solutions/products/product-catalog/view/manager-8-0-jfa-4310/,https://www.shl.com/solutions/products/product-catalog/view/manager-8-0-jfa-4310/,ERROR: The request could not be satisfied,,"ERROR: The request could not be satisfied

The request could not be satisfied.","ERROR: The request could not be satisfied

The request could not be satisfied."
https://www.shl.com/solutions/products/product-catalog/view/microsoft-excel-365-essentials-new/,https://www.shl.com/solutions/products/product-catalog/view/microsoft-excel-365-essentials-new/,ERROR: The request could not be satisfied,,"ERROR: The request could not be satisfied

The request could not be satisfied.","ERROR: The request could not be satisfied

The request could not be satisfied."
https://www.shl.com/solutions/products/product-catalog/view/digital-advertising-new/,https://www.shl.com/solutions/products/product-catalog/view/digital-advertising-new/,ERROR: The request could not be satisfied,,"ERROR: The request could not be satisfied

The request could not be satisfied.","ERROR: The request could not be satisfied

The request could not be satisfied."
https://www.shl.com/solutions/products/product-catalog/view/writex-email-writing-sales-new/,https://www.shl.com/solutions/products/product-catalog/view/writex-email-writing-sales-new/,ERROR: The request could not be satisfied,,"ERROR: The request could not be satisfied

The request could not be satisfied.","ERROR: The request could not be satisfied

The request could not be satisfied."
https://www.shl.com/solutions/products/product-catalog/view/shl-verify-interactive-numerical-calculation/,https://www.shl.com/solutions/products/product-catalog/view/shl-verify-interactive-numerical-calculation/,ERROR: The request could not be satisfied,,"ERROR: The request could not be satisfied

The request could not be satisfied.","ERROR: The request could not be satisfied

The request could not be satisfied."
https://www.shl.com/solutions/products/product-catalog/view/professional-7-1-solution/,https://www.shl.com/solutions/products/product-catalog/view/professional-7-1-solution/,ERROR: The request could not be satisfied,,"ERROR: The request could not be satisfied

The request could not be satisfied.","ERROR: The request could not be satisfied

The request could not be satisfied."
https://www.shl.com/solutions/products/product-catalog/view/sql-server-analysis-services-%28ssas%29-%28new%29/,https://www.shl.com/solutions/products/product-catalog/view/sql-server-analysis-services-%28ssas%29-%28new%29/,ERROR: The request could not be satisfied,,"ERROR: The request could not be satisfied

The request could not be satisfied.","ERROR: The request could not be satisfied

The request could not be satisfied."
https://www.shl.com/solutions/products/product-catalog/view/python-new/,https://www.shl.com/solutions/products/product-catalog/view/python-new/,ERROR: The request could not be satisfied,,"ERROR: The request could not be satisfied

The request could not be satisfied.","ERROR: The request could not be satisfied

The request could not be satisfied."
https://www.shl.com/solutions/products/product-catalog/view/tableau-new/,https://www.shl.com/solutions/products/product-catalog/view/tableau-new/,ERROR: The request could not be satisfied,,"ERROR: The request could not be satisfied

The request could not be satisfied.","ERROR: The request could not be satisfied

The request could not be satisfied."
https://www.shl.com/solutions/products/product-catalog/view/microsoft-excel-365-new/,https://www.shl.com/solutions/products/product-catalog/view/microsoft-excel-365-new/,ERROR: The request could not be satisfied,,"ERROR: The request could not be satisfied

The request could not be satisfied.","ERROR: The request could not be satisfied

The request could not be satisfied."
https://www.shl.com/solutions/products/product-catalog/view/professional-7-0-solution-3958/,https://www.shl.com/solutions/products/product-catalog/view/professional-7-0-solution-3958/,ERROR: The request could not be satisfied,,"ERROR: The request could not be satisfied

The request could not be satisfied.","ERROR: The request could not be satisfied

The request could not be satisfied."
https://www.shl.com/solutions/products/product-catalog/view/data-warehousing-concepts/,https://www.shl.com/solutions/products/product-catalog/view/data-warehousing-concepts/,ERROR: The request could not be satisfied,,"ERROR: The request could not be satisfied

The request could not be satisfied.","ERROR: The request could not be satisfied

The request could not be satisfied."
